{
  "frontend\\next-env.d.ts": 1776033242.5098996,
  "frontend\\app\\layout.tsx": 1776033242.0511854,
  "frontend\\app\\page.tsx": 1776033242.068028,
  "frontend\\components\\theme-provider.tsx": 1776033242.0884516,
  "frontend\\components\\pharma\\active-shipments-page.tsx": 1776033242.0964537,
  "frontend\\components\\pharma\\audit-log-page.tsx": 1776033242.1014647,
  "frontend\\components\\pharma\\call-status-cards.tsx": 1776033242.1054707,
  "frontend\\components\\pharma\\cascade-actions-panel.tsx": 1776033242.1114757,
  "frontend\\components\\pharma\\compliance-sidebar.tsx": 1776033242.116484,
  "frontend\\components\\pharma\\crisis-edge-states.tsx": 1776033242.1214938,
  "frontend\\components\\pharma\\crisis-ticket-page.tsx": 1776033242.1275454,
  "frontend\\components\\pharma\\dashboard.tsx": 1776033242.1341987,
  "frontend\\components\\pharma\\event-badge.tsx": 1776033242.1412065,
  "frontend\\components\\pharma\\live-tracker-page.tsx": 1776033242.1464071,
  "frontend\\components\\pharma\\login-card.tsx": 1776033242.1514149,
  "frontend\\components\\pharma\\map-component.tsx": 1776033242.1554148,
  "frontend\\components\\pharma\\map-container.tsx": 1776033242.1607606,
  "frontend\\components\\pharma\\mobile-blocker.tsx": 1776033242.1652894,
  "frontend\\components\\pharma\\regumap-dashboard.tsx": 1776033242.170298,
  "frontend\\components\\pharma\\risk-badge.tsx": 1776033242.1763103,
  "frontend\\components\\pharma\\search-panel.tsx": 1776033242.1803155,
  "frontend\\components\\pharma\\shipment-card.tsx": 1776033242.1859581,
  "frontend\\components\\pharma\\signature-modal.tsx": 1776033242.189964,
  "frontend\\components\\pharma\\three-background.tsx": 1776033242.1949723,
  "frontend\\components\\pharma\\top-nav.tsx": 1776033242.1989846,
  "frontend\\components\\ui\\accordion.tsx": 1776033242.2092204,
  "frontend\\components\\ui\\alert-dialog.tsx": 1776033242.2123952,
  "frontend\\components\\ui\\alert.tsx": 1776033242.218022,
  "frontend\\components\\ui\\aspect-ratio.tsx": 1776033242.2220237,
  "frontend\\components\\ui\\avatar.tsx": 1776033242.2270322,
  "frontend\\components\\ui\\badge.tsx": 1776033242.2320354,
  "frontend\\components\\ui\\breadcrumb.tsx": 1776033242.2374198,
  "frontend\\components\\ui\\button-group.tsx": 1776033242.242421,
  "frontend\\components\\ui\\button.tsx": 1776033242.2474277,
  "frontend\\components\\ui\\calendar.tsx": 1776033242.2519114,
  "frontend\\components\\ui\\card.tsx": 1776033242.2562249,
  "frontend\\components\\ui\\carousel.tsx": 1776033242.2606862,
  "frontend\\components\\ui\\chart.tsx": 1776033242.2623162,
  "frontend\\components\\ui\\checkbox.tsx": 1776033242.2701166,
  "frontend\\components\\ui\\collapsible.tsx": 1776033242.2751272,
  "frontend\\components\\ui\\command.tsx": 1776033242.2791326,
  "frontend\\components\\ui\\context-menu.tsx": 1776033242.284314,
  "frontend\\components\\ui\\dialog.tsx": 1776033242.2894413,
  "frontend\\components\\ui\\drawer.tsx": 1776033242.2954712,
  "frontend\\components\\ui\\dropdown-menu.tsx": 1776033242.297483,
  "frontend\\components\\ui\\empty.tsx": 1776033242.3064702,
  "frontend\\components\\ui\\field.tsx": 1776033242.3120112,
  "frontend\\components\\ui\\form.tsx": 1776033242.3160295,
  "frontend\\components\\ui\\hover-card.tsx": 1776033242.3219166,
  "frontend\\components\\ui\\input-group.tsx": 1776033242.326154,
  "frontend\\components\\ui\\input-otp.tsx": 1776033242.3311532,
  "frontend\\components\\ui\\input.tsx": 1776033242.3353786,
  "frontend\\components\\ui\\item.tsx": 1776033242.3416457,
  "frontend\\components\\ui\\kbd.tsx": 1776033242.3466563,
  "frontend\\components\\ui\\label.tsx": 1776033242.3506527,
  "frontend\\components\\ui\\menubar.tsx": 1776033242.355664,
  "frontend\\components\\ui\\navigation-menu.tsx": 1776033242.3598528,
  "frontend\\components\\ui\\pagination.tsx": 1776033242.3655303,
  "frontend\\components\\ui\\popover.tsx": 1776033242.3705373,
  "frontend\\components\\ui\\progress.tsx": 1776033242.3745418,
  "frontend\\components\\ui\\radio-group.tsx": 1776033242.3805504,
  "frontend\\components\\ui\\resizable.tsx": 1776033242.385606,
  "frontend\\components\\ui\\scroll-area.tsx": 1776033242.390605,
  "frontend\\components\\ui\\select.tsx": 1776033242.3958895,
  "frontend\\components\\ui\\separator.tsx": 1776033242.4014063,
  "frontend\\components\\ui\\sheet.tsx": 1776033242.4054294,
  "frontend\\components\\ui\\sidebar.tsx": 1776033242.4114633,
  "frontend\\components\\ui\\skeleton.tsx": 1776033242.4134748,
  "frontend\\components\\ui\\slider.tsx": 1776033242.4204834,
  "frontend\\components\\ui\\sonner.tsx": 1776033242.4254944,
  "frontend\\components\\ui\\spinner.tsx": 1776033242.4304967,
  "frontend\\components\\ui\\switch.tsx": 1776033242.4347086,
  "frontend\\components\\ui\\table.tsx": 1776033242.439862,
  "frontend\\components\\ui\\tabs.tsx": 1776033242.444875,
  "frontend\\components\\ui\\textarea.tsx": 1776033242.4498746,
  "frontend\\components\\ui\\toast.tsx": 1776033242.4558759,
  "frontend\\components\\ui\\toaster.tsx": 1776033242.4614885,
  "frontend\\components\\ui\\toggle-group.tsx": 1776033242.4681718,
  "frontend\\components\\ui\\toggle.tsx": 1776033242.4741716,
  "frontend\\components\\ui\\tooltip.tsx": 1776033242.4781835,
  "frontend\\components\\ui\\use-mobile.tsx": 1776033242.483179,
  "frontend\\components\\ui\\use-toast.ts": 1776033242.4874825,
  "frontend\\hooks\\use-mobile.ts": 1776033242.501481,
  "frontend\\hooks\\use-toast.ts": 1776033242.5046875,
  "frontend\\lib\\utils.ts": 1776033242.5098996,
  "CLAUDE.md": 1776033346.9664197,
  "frontend\\public\\apple-icon.png": 1776033242.5667257,
  "frontend\\public\\icon-dark-32x32.png": 1776033242.5722375,
  "frontend\\public\\icon-light-32x32.png": 1776033242.5771894,
  "frontend\\public\\icon.svg": 1776033242.5811932,
  "frontend\\public\\placeholder-logo.png": 1776033242.58944,
  "frontend\\public\\placeholder-logo.svg": 1776033242.5934408,
  "frontend\\public\\placeholder-user.jpg": 1776033242.5974407,
  "frontend\\public\\placeholder.jpg": 1776033242.6014407,
  "frontend\\public\\placeholder.svg": 1776033242.6054416
}